{"count":1,"self":4734.5041408,"total":6118.7328609999995,"children":{"InitializeActuators":{"count":20,"self":0.002385,"total":0.002385,"children":null},"InitializeSensors":{"count":20,"self":0.0020859999999999997,"total":0.0020859999999999997,"children":null},"AgentSendState":{"count":901267,"self":6.1165128,"total":23.191063,"children":{"CollectObservations":{"count":1201700,"self":3.844862,"total":3.844862,"children":null},"WriteActionMask":{"count":1201700,"self":0.80659399999999992,"total":0.80659399999999992,"children":null},"RequestDecision":{"count":1201700,"self":3.2232439999999998,"total":12.423093999999999,"children":{"AgentInfo.ToProto":{"count":1201700,"self":3.088913,"total":9.19985,"children":{"GenerateSensorData":{"count":1201700,"self":6.1109367999999993,"total":6.110937,"children":null}}}}}}},"DecideAction":{"count":901267,"self":1303.6469247999999,"total":1303.646965,"children":null},"AgentAct":{"count":901267,"self":53.874688,"total":53.874686999999994,"children":null},"AgentInfo.ToProto":{"count":153435,"self":1.470457,"total":3.5096279999999997,"children":{"GenerateSensorData":{"count":153435,"self":2.039171,"total":2.039171,"children":null}}}},"gauges":{"ChaseBall.CumulativeReward":{"count":153435,"max":8.999996,"min":0,"runningAverage":0.6237107,"value":1,"weightedAverage":0.9581834}},"metadata":{"timer_format_version":"0.1.0","start_time_seconds":"1668716877","unity_version":"2021.3.0f1","command_line_arguments":"\/Applications\/Unity\/2021.3.0f1\/Unity.app\/Contents\/MacOS\/Unity -projectpath \/Users\/kwanyuhung\/AI-Unity-Ball-Game -useHub -hubIPC -cloudEnvironment production -licensingIpc LicenseClient-kwanyuhung -hubSessionId 63342ce0-661a-11ed-a761-ebdcd2a4577d -accessToken zEgW_8Zt5cU2NHnlj8YOFpi46y6s9TNQXHhzKnC9xcY01ef","communication_protocol_version":"1.5.0","com.unity.ml-agents_version":"2.2.1-exp.1","scene_name":"testModel_20Train","end_time_seconds":"1668722996"}}